[{"@type":"mappingTemplate","id":"@1","name":"Expr_Filter_With_Udf","description":"This mapping consumes maplet\nmaplet contains udf in combination with built in fn, filter with udf","bundleVersion":"0","templateId":"@3","hasParameters":false,"valid":true,"fixedConnection":true,"hasParametersDeployed":false,"fixedConnectionDeployed":false,"tasks":2,"mappingPreviewFileRecordId":"@2","documentType":"","references":[{"@type":"reference","refObjectId":"@6m17cqs6QSugjJH7X63Est","refType":"frsDocument"},{"@type":"reference","refObjectId":"@2DM23t51QObeEggG2OsgA0","refType":"connection"},{"@type":"reference","refObjectId":"@hNpQw1SXZISdTSwgyHNXuZ","refType":"mappletTemplate"}]}]